ZONE_NAME,ZONE_FID,DATE,YEAR,MONTH,WATER_YEAR,PPT,ETO,TMIN,TMAX,TMEAN
Field_2,2,1983-01-01,1983,1,1983,34.255908,27.673778,266.710205,279.881378,273.295776
Field_2,2,1983-02-01,1983,2,1983,25.082570,38.637778,268.141083,281.111023,274.626068
Field_2,2,1983-03-01,1983,3,1983,36.212211,57.936486,272.320374,283.693481,278.006927
Field_2,2,1983-04-01,1983,4,1983,20.243982,87.397237,271.488373,285.942352,278.715363
Field_2,2,1983-05-01,1983,5,1983,12.641138,138.063806,275.239594,293.821411,284.530518
Field_2,2,1983-06-01,1983,6,1983,21.224408,175.897485,279.188171,299.578766,289.383484
Field_2,2,1983-07-01,1983,7,1983,1.030355,221.425547,280.446930,305.153900,292.800415
Field_2,2,1983-08-01,1983,8,1983,59.483731,166.098209,283.793579,304.172211,293.982880
Field_2,2,1983-09-01,1983,9,1983,34.995769,144.354220,278.358215,300.524994,289.441589
Field_2,2,1983-10-01,1983,10,1984,29.253919,74.832082,273.414398,293.330322,283.372345
Field_2,2,1983-11-01,1983,11,1984,41.078038,38.392831,270.087524,282.410126,276.248840
Field_2,2,1983-12-01,1983,12,1984,79.764024,25.915483,267.942596,277.172943,272.557770
Field_2,2,1984-01-01,1984,1,1984,1.559816,19.966726,261.274567,274.459930,267.867249
Field_2,2,1984-02-01,1984,2,1984,17.414688,37.127827,264.296356,279.289764,271.793060
Field_2,2,1984-03-01,1984,3,1984,15.976623,61.139716,269.392120,283.387115,276.389618
Field_2,2,1984-04-01,1984,4,1984,24.226559,94.067985,272.036987,286.403748,279.220367
Field_2,2,1984-05-01,1984,5,1984,8.759999,160.997055,277.354370,296.028412,286.691406
Field_2,2,1984-06-01,1984,6,1984,33.480180,162.478769,278.695618,298.537781,288.616699
Field_2,2,1984-07-01,1984,7,1984,16.223435,209.865441,284.260254,307.012573,295.636414
Field_2,2,1984-08-01,1984,8,1984,25.151270,181.560950,283.435760,305.361023,294.398376
Field_2,2,1984-09-01,1984,9,1984,3.975230,144.693296,276.609680,301.114136,288.861908
Field_2,2,1984-10-01,1984,10,1985,43.727611,66.561892,270.631805,287.230682,278.931244
Field_2,2,1984-11-01,1984,11,1985,26.934848,45.490412,269.490814,282.635803,276.063293
Field_2,2,1984-12-01,1984,12,1985,8.012993,23.296758,260.067871,275.777496,267.922668
Field_2,2,1985-01-01,1985,1,1985,11.424210,19.207532,258.187012,274.450317,266.318665
Field_2,2,1985-02-01,1985,2,1985,6.270586,36.348322,262.724396,278.927338,270.825867
Field_2,2,1985-03-01,1985,3,1985,22.274439,65.283852,267.197327,282.968781,275.083069
Field_2,2,1985-04-01,1985,4,1985,0.707168,128.063790,272.979492,293.471588,283.225525
Field_2,2,1985-05-01,1985,5,1985,17.448700,161.269000,275.390991,296.376404,285.883698
Field_2,2,1985-06-01,1985,6,1985,5.691716,207.504230,280.673889,303.900269,292.287079
Field_2,2,1985-07-01,1985,7,1985,14.830916,214.685616,284.538757,308.039673,296.289215
Field_2,2,1985-08-01,1985,8,1985,0.748158,210.453961,279.141174,305.214233,292.177704
Field_2,2,1985-09-01,1985,9,1985,27.166768,122.555710,274.420776,296.613464,285.517120
Field_2,2,1985-10-01,1985,10,1986,11.270524,85.210167,269.852020,291.698364,280.775177
Field_2,2,1985-11-01,1985,11,1986,38.355107,34.597197,265.574341,279.749756,272.662048
Field_2,2,1985-12-01,1985,12,1986,23.416838,20.546090,262.484131,276.724487,269.604309
Field_2,2,1986-01-01,1986,1,1986,2.047073,39.051755,268.486053,281.943451,275.214752
Field_2,2,1986-02-01,1986,2,1986,21.810597,49.652610,270.880310,283.534302,277.207306
Field_2,2,1986-03-01,1986,3,1986,7.012850,86.332128,272.196259,288.820679,280.508484
Field_2,2,1986-04-01,1986,4,1986,33.291162,109.678774,272.893768,289.700928,281.297363
Field_2,2,1986-05-01,1986,5,1986,19.713706,158.369844,275.286194,295.987183,285.636688
Field_2,2,1986-06-01,1986,6,1986,5.857330,208.155126,280.631744,304.514526,292.573151
Field_2,2,1986-07-01,1986,7,1986,4.876126,222.349511,281.435852,305.380280,293.408051
Field_2,2,1986-08-01,1986,8,1986,5.782619,203.570815,282.705017,307.263855,294.984436
Field_2,2,1986-09-01,1986,9,1986,16.341754,116.757310,274.605896,295.781921,285.193909
Field_2,2,1986-10-01,1986,10,1987,4.542414,82.967114,270.410736,292.852722,281.631714
Field_2,2,1986-11-01,1986,11,1987,0.000000,51.255131,265.237976,285.500549,275.369263
Field_2,2,1986-12-01,1986,12,1987,1.359735,29.902237,261.465759,280.440094,270.952911
Field_2,2,1987-01-01,1987,1,1987,8.410477,27.433169,259.930603,276.535278,268.232941
Field_2,2,1987-02-01,1987,2,1987,17.160603,40.447875,265.491364,281.202972,273.347168
Field_2,2,1987-03-01,1987,3,1987,33.234436,72.817028,269.829376,284.331329,277.080353
Field_2,2,1987-04-01,1987,4,1987,3.847637,143.631220,273.083832,295.313263,284.198547
Field_2,2,1987-05-01,1987,5,1987,102.244600,147.131820,278.214966,295.589722,286.902344
Field_2,2,1987-06-01,1987,6,1987,17.891792,190.824761,280.861816,302.651978,291.756897
Field_2,2,1987-07-01,1987,7,1987,0.000000,214.447177,280.823517,304.728302,292.775909
Field_2,2,1987-08-01,1987,8,1987,1.350468,205.696619,280.419403,305.958771,293.189087
Field_2,2,1987-09-01,1987,9,1987,0.930941,151.716116,276.551178,302.616211,289.583679
Field_2,2,1987-10-01,1987,10,1988,18.483120,96.409134,271.977814,296.233521,284.105652
Field_2,2,1987-11-01,1987,11,1988,31.268686,36.217235,269.178497,282.918152,276.048340
Field_2,2,1987-12-01,1987,12,1988,20.884403,28.019026,263.675140,277.012115,270.343628
Field_2,2,1988-01-01,1988,1,1988,28.869755,23.063249,261.108948,275.354950,268.231934
Field_2,2,1988-02-01,1988,2,1988,0.000000,43.272222,265.048492,281.654083,273.351288
Field_2,2,1988-03-01,1988,3,1988,5.771746,82.826568,268.435791,285.393982,276.914886
Field_2,2,1988-04-01,1988,4,1988,10.501088,122.103598,272.773529,291.536224,282.154877
Field_2,2,1988-05-01,1988,5,1988,28.044685,154.780910,273.876129,295.219788,284.547943
Field_2,2,1988-06-01,1988,6,1988,10.157638,201.660007,280.204620,303.329468,291.767059
Field_2,2,1988-07-01,1988,7,1988,3.671569,234.464024,282.930145,308.803650,295.866882
Field_2,2,1988-08-01,1988,8,1988,5.361185,198.551505,280.759705,306.432861,293.596283
Field_2,2,1988-09-01,1988,9,1988,2.388558,146.674103,274.629181,300.670532,287.649872
Field_2,2,1988-10-01,1988,10,1989,0.730530,104.292466,272.346375,298.263733,285.305054
Field_2,2,1988-11-01,1988,11,1989,35.604529,38.276704,267.990051,281.610779,274.800415
Field_2,2,1988-12-01,1988,12,1989,18.293859,20.792295,261.546814,275.176636,268.361725
Field_2,2,1989-01-01,1989,1,1989,6.286165,18.817615,256.711456,272.903137,264.807281
Field_2,2,1989-02-01,1989,2,1989,8.757005,31.633079,262.101868,276.141541,269.121704
Field_2,2,1989-03-01,1989,3,1989,40.826399,73.741537,271.527802,285.341522,278.434662
Field_2,2,1989-04-01,1989,4,1989,4.434031,127.321862,272.886963,293.457916,283.172455
Field_2,2,1989-05-01,1989,5,1989,11.303207,159.456144,274.989777,295.055328,285.022552
Field_2,2,1989-06-01,1989,6,1989,8.879955,195.028219,279.303528,301.681946,290.492737
Field_2,2,1989-07-01,1989,7,1989,4.596631,240.716489,282.172760,308.650146,295.411438
Field_2,2,1989-08-01,1989,8,1989,14.174617,189.443054,279.597565,303.872070,291.734833
Field_2,2,1989-09-01,1989,9,1989,27.437066,144.549153,275.940155,300.617371,288.278778
Field_2,2,1989-10-01,1989,10,1990,15.181999,79.886372,270.261566,291.238281,280.749939
Field_2,2,1989-11-01,1989,11,1990,17.823386,45.726187,265.076508,285.234711,275.155609
Field_2,2,1989-12-01,1989,12,1990,6.770030,30.764524,263.097656,280.656067,271.876862
Field_2,2,1990-01-01,1990,1,1990,13.748307,30.373021,263.746582,277.953613,270.850098
Field_2,2,1990-02-01,1990,2,1990,11.447021,31.742221,262.684387,277.546112,270.115234
Field_2,2,1990-03-01,1990,3,1990,16.930129,76.096537,269.563110,286.331329,277.947235
Field_2,2,1990-04-01,1990,4,1990,44.885863,112.685548,274.100189,292.242615,283.171387
Field_2,2,1990-05-01,1990,5,1990,33.487486,147.145238,274.656982,293.645142,284.151062
Field_2,2,1990-06-01,1990,6,1990,22.672533,199.872678,279.202576,301.511414,290.356995
Field_2,2,1990-07-01,1990,7,1990,3.392531,220.599603,282.714294,306.979828,294.847076
Field_2,2,1990-08-01,1990,8,1990,22.921030,184.713901,280.478149,304.441376,292.459778
Field_2,2,1990-09-01,1990,9,1990,2.511992,147.061831,278.370270,303.079651,290.724945
Field_2,2,1990-10-01,1990,10,1991,1.096650,101.106198,269.571991,293.665344,281.618652
Field_2,2,1990-11-01,1990,11,1991,13.245914,47.709699,265.609314,284.377289,274.993317
Field_2,2,1990-12-01,1990,12,1991,18.588566,26.032849,257.502899,273.114685,265.308777
Field_2,2,1991-01-01,1991,1,1991,4.876522,25.696185,260.788605,275.850189,268.319397
Field_2,2,1991-02-01,1991,2,1991,5.835316,48.562621,268.206116,285.333313,276.769714
Field_2,2,1991-03-01,1991,3,1991,18.169996,69.348389,268.790192,282.944092,275.867157
Field_2,2,1991-04-01,1991,4,1991,13.745386,97.348099,270.129028,286.571991,278.350525
Field_2,2,1991-05-01,1991,5,1991,51.892901,125.694757,273.899323,290.463440,282.181366
Field_2,2,1991-06-01,1991,6,1991,10.641087,191.969477,277.720703,299.532806,288.626740
Field_2,2,1991-07-01,1991,7,1991,3.120039,224.609793,282.559296,307.797607,295.178436
Field_2,2,1991-08-01,1991,8,1991,8.086918,195.368122,281.166809,305.928131,293.547455
Field_2,2,1991-09-01,1991,9,1991,14.401612,130.570605,276.984467,300.525116,288.754791
Field_2,2,1991-10-01,1991,10,1992,16.362429,93.817558,270.180481,292.748322,281.464386
Field_2,2,1991-11-01,1991,11,1992,23.132944,35.804700,268.796600,282.278442,275.537506
Field_2,2,1991-12-01,1991,12,1992,8.098706,28.245836,262.951935,279.490326,271.221130
Field_2,2,1992-01-01,1992,1,1992,6.022801,23.525160,260.897827,276.606079,268.751953
Field_2,2,1992-02-01,1992,2,1992,16.946823,41.992447,269.480469,282.886383,276.183441
Field_2,2,1992-03-01,1992,3,1992,17.937537,82.256822,271.367310,288.059998,279.713654
Field_2,2,1992-04-01,1992,4,1992,0.000000,138.356491,273.653961,293.697479,283.675720
Field_2,2,1992-05-01,1992,5,1992,3.802107,189.873101,277.982391,300.220032,289.101196
Field_2,2,1992-06-01,1992,6,1992,20.786306,182.198757,280.468964,301.033661,290.751312
Field_2,2,1992-07-01,1992,7,1992,4.463829,223.929224,282.207184,305.536682,293.871948
Field_2,2,1992-08-01,1992,8,1992,9.122053,203.249496,282.052277,305.897675,293.974976
Field_2,2,1992-09-01,1992,9,1992,9.574416,150.011546,276.477081,300.969116,288.723083
Field_2,2,1992-10-01,1992,10,1993,19.526418,91.521505,271.975739,293.523438,282.749573
Field_2,2,1992-11-01,1992,11,1993,20.315250,33.932294,265.592560,279.994690,272.793640
Field_2,2,1992-12-01,1992,12,1993,39.075258,22.359270,260.184631,274.035034,267.109833
Field_2,2,1993-01-01,1993,1,1993,36.716565,19.676667,258.662689,273.014099,265.838379
Field_2,2,1993-02-01,1993,2,1993,22.378398,26.107566,262.709869,274.980957,268.845428
Field_2,2,1993-03-01,1993,3,1993,18.860780,70.448393,271.372131,284.769073,278.070618
Field_2,2,1993-04-01,1993,4,1993,3.085533,101.712726,272.604279,287.738983,280.171631
Field_2,2,1993-05-01,1993,5,1993,21.767882,173.105793,278.735809,297.109070,287.922455
Field_2,2,1993-06-01,1993,6,1993,38.421407,167.046797,278.566833,297.692871,288.129852
Field_2,2,1993-07-01,1993,7,1993,10.040949,208.171638,279.327240,302.235046,290.781158
Field_2,2,1993-08-01,1993,8,1993,7.091573,185.776338,280.058960,303.096863,291.577911
Field_2,2,1993-09-01,1993,9,1993,5.875204,143.150499,275.806824,300.442749,288.124786
Field_2,2,1993-10-01,1993,10,1994,22.599143,78.064787,271.933685,291.267578,281.600647
Field_2,2,1993-11-01,1993,11,1994,1.568594,44.345144,262.265106,281.260590,271.762848
Field_2,2,1993-12-01,1993,12,1994,3.827569,30.559375,262.916016,277.883087,270.399536
Field_2,2,1994-01-01,1994,1,1994,6.582556,33.262426,263.978638,280.405914,272.192291
Field_2,2,1994-02-01,1994,2,1994,19.896327,40.151352,265.226532,279.811890,272.519226
Field_2,2,1994-03-01,1994,3,1994,4.724736,94.397329,270.210205,288.907288,279.558746
Field_2,2,1994-04-01,1994,4,1994,51.675002,108.871471,273.345734,289.770691,281.558197
Field_2,2,1994-05-01,1994,5,1994,56.720484,155.939648,277.787231,295.855560,286.821411
Field_2,2,1994-06-01,1994,6,1994,0.000000,218.285176,279.623291,303.415588,291.519440
Field_2,2,1994-07-01,1994,7,1994,1.916494,236.705131,283.127167,308.050140,295.588654
Field_2,2,1994-08-01,1994,8,1994,2.960774,210.953208,281.605316,307.404633,294.504974
Field_2,2,1994-09-01,1994,9,1994,9.950119,145.977903,277.073456,301.569550,289.321503
Field_2,2,1994-10-01,1994,10,1995,12.598011,85.338318,271.192871,290.855621,281.024231
Field_2,2,1994-11-01,1994,11,1995,39.577594,31.927647,264.804413,277.172699,270.988556
Field_2,2,1994-12-01,1994,12,1995,14.037320,25.503331,265.955536,277.940887,271.948212
Field_2,2,1995-01-01,1995,1,1995,27.810187,35.033536,269.726227,279.695801,274.710999
Field_2,2,1995-02-01,1995,2,1995,3.242585,52.649738,269.469360,286.542053,278.005707
Field_2,2,1995-03-01,1995,3,1995,49.278598,70.889818,270.402313,283.976929,277.189606
Field_2,2,1995-04-01,1995,4,1995,17.988651,102.176332,272.060059,287.604156,279.832092
Field_2,2,1995-05-01,1995,5,1995,89.176854,122.340903,276.339661,291.255829,283.797760
Field_2,2,1995-06-01,1995,6,1995,35.674036,155.909314,278.561249,297.061554,287.811401
Field_2,2,1995-07-01,1995,7,1995,2.453997,222.389724,280.762512,305.515900,293.139191
Field_2,2,1995-08-01,1995,8,1995,3.590009,210.222893,280.314240,306.336273,293.325256
Field_2,2,1995-09-01,1995,9,1995,12.744270,141.424178,276.457245,300.885620,288.671417
Field_2,2,1995-10-01,1995,10,1996,0.000000,107.973581,269.903198,293.662537,281.782867
Field_2,2,1995-11-01,1995,11,1996,4.185583,62.926082,268.584747,288.682892,278.633820
Field_2,2,1995-12-01,1995,12,1996,52.179294,35.659568,266.747559,280.354065,273.550812
Field_2,2,1996-01-01,1996,1,1996,57.369253,30.914186,267.024658,279.006836,273.015747
Field_2,2,1996-02-01,1996,2,1996,24.758537,40.491336,266.717255,280.091980,273.404633
Field_2,2,1996-03-01,1996,3,1996,17.410429,81.652837,270.208832,286.493103,278.350952
Field_2,2,1996-04-01,1996,4,1996,7.638263,114.993165,272.232422,290.241882,281.237152
Field_2,2,1996-05-01,1996,5,1996,40.732404,151.508893,276.812286,294.277954,285.545105
Field_2,2,1996-06-01,1996,6,1996,3.135471,205.924613,279.982361,302.799255,291.390808
Field_2,2,1996-07-01,1996,7,1996,4.392388,223.545033,284.105743,308.054291,296.080017
Field_2,2,1996-08-01,1996,8,1996,2.596796,205.357175,280.818268,306.704498,293.761383
Field_2,2,1996-09-01,1996,9,1996,4.703161,135.949906,274.840912,299.015381,286.928162
Field_2,2,1996-10-01,1996,10,1997,16.077548,85.175902,270.419067,291.577820,280.998444
Field_2,2,1996-11-01,1996,11,1997,33.004451,41.350745,268.202789,283.996429,276.099609
Field_2,2,1996-12-01,1996,12,1997,69.337563,30.951847,267.465973,278.768188,273.117065
Field_2,2,1997-01-01,1997,1,1997,40.026139,28.448033,265.490051,277.484558,271.487305
Field_2,2,1997-02-01,1997,2,1997,2.347192,37.782826,266.329651,279.716980,273.023315
Field_2,2,1997-03-01,1997,3,1997,4.969453,89.842436,270.003723,288.291718,279.147736
Field_2,2,1997-04-01,1997,4,1997,23.669095,99.294950,271.802429,287.339905,279.571167
Field_2,2,1997-05-01,1997,5,1997,10.053522,166.169810,277.437958,298.278778,287.858368
Field_2,2,1997-06-01,1997,6,1997,57.685138,175.066246,280.669769,298.962708,289.816254
Field_2,2,1997-07-01,1997,7,1997,7.325815,202.941875,282.162598,304.453186,293.307892
Field_2,2,1997-08-01,1997,8,1997,4.103010,202.156459,281.477142,306.200012,293.838562
Field_2,2,1997-09-01,1997,9,1997,13.757689,140.057110,278.551575,300.929565,289.740570
Field_2,2,1997-10-01,1997,10,1998,15.073403,91.830883,270.948151,291.302979,281.125549
Field_2,2,1997-11-01,1997,11,1998,18.369567,42.533430,268.872986,284.752014,276.812500
Field_2,2,1997-12-01,1997,12,1998,4.190109,26.038884,263.064453,277.021667,270.043060
Field_2,2,1998-01-01,1998,1,1998,35.215466,31.530089,268.294006,280.658386,274.476196
Field_2,2,1998-02-01,1998,2,1998,35.117561,31.920649,268.139038,279.190338,273.664673
Field_2,2,1998-03-01,1998,3,1998,28.353945,69.393775,269.970032,284.672180,277.321106
Field_2,2,1998-04-01,1998,4,1998,16.771232,98.415569,272.068756,287.950012,280.009399
Field_2,2,1998-05-01,1998,5,1998,83.877976,124.089509,275.632294,291.200348,283.416321
Field_2,2,1998-06-01,1998,6,1998,37.885315,162.649429,279.201508,297.344879,288.273224
Field_2,2,1998-07-01,1998,7,1998,8.904070,210.146699,283.948547,307.605896,295.777222
Field_2,2,1998-08-01,1998,8,1998,1.958004,207.337492,281.850159,307.646362,294.748260
Field_2,2,1998-09-01,1998,9,1998,35.593691,123.391416,280.003418,299.667725,289.835571
Field_2,2,1998-10-01,1998,10,1999,21.741611,80.729903,270.345795,290.134613,280.240204
Field_2,2,1998-11-01,1998,11,1999,15.658794,41.107699,270.047455,283.483063,276.765259
Field_2,2,1998-12-01,1998,12,1999,9.909715,26.534384,262.559753,277.462860,270.011292
Field_2,2,1999-01-01,1999,1,1999,28.347527,31.663041,265.765228,280.092804,272.929016
Field_2,2,1999-02-01,1999,2,1999,6.147524,42.599415,267.854279,281.600952,274.727600
Field_2,2,1999-03-01,1999,3,1999,6.267040,88.396956,268.950867,286.305481,277.628174
Field_2,2,1999-04-01,1999,4,1999,37.951285,94.984705,271.172882,286.824280,278.998566
Field_2,2,1999-05-01,1999,5,1999,20.670277,142.992666,274.959259,293.528900,284.244080
Field_2,2,1999-06-01,1999,6,1999,44.581712,185.173320,279.442474,300.658447,290.050476
Field_2,2,1999-07-01,1999,7,1999,0.000000,236.138526,281.906525,306.898010,294.402283
Field_2,2,1999-08-01,1999,8,1999,7.457359,195.372014,280.441467,305.031860,292.736664
Field_2,2,1999-09-01,1999,9,1999,0.000000,152.025790,275.827026,301.918427,288.872711
Field_2,2,1999-10-01,1999,10,2000,3.943793,100.683563,269.061951,295.680450,282.371216
Field_2,2,1999-11-01,1999,11,2000,6.295716,67.193952,268.584625,289.443542,279.014069
Field_2,2,1999-12-01,1999,12,2000,0.000000,31.151363,261.580414,279.230011,270.405212
Field_2,2,2000-01-01,2000,1,2000,32.803224,33.567829,266.788818,280.371735,273.580292
Field_2,2,2000-02-01,2000,2,2000,46.913234,43.359308,270.181671,282.833221,276.507446
Field_2,2,2000-03-01,2000,3,2000,23.001620,76.276336,269.331024,285.236481,277.283752
Field_2,2,2000-04-01,2000,4,2000,15.673649,129.796020,273.280670,293.093658,283.187164
Field_2,2,2000-05-01,2000,5,2000,35.236000,165.260893,276.931122,295.867035,286.399078
Field_2,2,2000-06-01,2000,6,2000,1.630501,210.922871,280.054321,303.965668,292.009979
Field_2,2,2000-07-01,2000,7,2000,0.000000,226.977919,280.984650,307.530975,294.257812
Field_2,2,2000-08-01,2000,8,2000,6.588869,202.177036,282.023438,306.574066,294.298767
Field_2,2,2000-09-01,2000,9,2000,11.368964,144.480043,275.721985,300.075623,287.898804
Field_2,2,2000-10-01,2000,10,2001,41.011484,81.188820,270.868774,291.149231,281.009003
Field_2,2,2000-11-01,2000,11,2001,6.793141,31.662413,264.708923,279.738953,272.223938
Field_2,2,2000-12-01,2000,12,2001,10.644702,27.463405,264.188080,279.377991,271.783051
Field_2,2,2001-01-01,2001,1,2001,15.629040,23.539916,260.153839,276.000000,268.076904
Field_2,2,2001-02-01,2001,2,2001,10.299287,33.181778,264.757080,278.700104,271.728607
Field_2,2,2001-03-01,2001,3,2001,18.852977,79.265947,271.322418,287.081848,279.202148
Field_2,2,2001-04-01,2001,4,2001,26.232619,105.394683,272.149597,288.569214,280.359406
Field_2,2,2001-05-01,2001,5,2001,1.223822,183.891595,277.111237,299.491669,288.301453
Field_2,2,2001-06-01,2001,6,2001,1.372903,217.534215,279.631165,303.088043,291.359589
Field_2,2,2001-07-01,2001,7,2001,16.486272,216.072676,282.479065,306.185883,294.332458
Field_2,2,2001-08-01,2001,8,2001,1.646226,207.590760,282.573090,308.580475,295.576782
Field_2,2,2001-09-01,2001,9,2001,7.379736,154.728149,277.573578,302.834656,290.204132
Field_2,2,2001-10-01,2001,10,2002,4.099896,102.634833,271.977325,294.631256,283.304291
Field_2,2,2001-11-01,2001,11,2002,34.115423,48.019385,267.632965,285.307556,276.470276
Field_2,2,2001-12-01,2001,12,2002,28.450243,22.210194,265.770691,276.435669,271.103180
Field_2,2,2002-01-01,2002,1,2002,16.434258,24.936112,263.586792,276.730743,270.158783
Field_2,2,2002-02-01,2002,2,2002,16.810793,38.161843,263.905701,279.404358,271.655029
Field_2,2,2002-03-01,2002,3,2002,13.195014,74.531285,267.582916,283.935730,275.759338
Field_2,2,2002-04-01,2002,4,2002,25.265999,113.216537,272.681763,290.760071,281.720917
Field_2,2,2002-05-01,2002,5,2002,16.821863,162.935229,275.256470,295.932129,285.594299
Field_2,2,2002-06-01,2002,6,2002,11.799664,200.178703,280.533966,302.598846,291.566406
Field_2,2,2002-07-01,2002,7,2002,1.561464,234.669440,284.019470,308.957031,296.488251
Field_2,2,2002-08-01,2002,8,2002,1.627917,203.349858,279.602020,304.985565,292.293793
Field_2,2,2002-09-01,2002,9,2002,16.251543,144.457561,276.707733,300.276123,288.491943
Field_2,2,2002-10-01,2002,10,2003,1.849403,85.995672,267.880737,291.406097,279.643433
Field_2,2,2002-11-01,2002,11,2003,24.230582,50.194592,266.915131,285.067932,275.991516
Field_2,2,2002-12-01,2002,12,2003,8.250332,30.340653,266.201355,280.005493,273.103424
Field_2,2,2003-01-01,2003,1,2003,16.579804,35.284029,268.826874,284.149536,276.488220
Field_2,2,2003-02-01,2003,2,2003,10.685954,41.865964,265.604095,280.130280,272.867188
Field_2,2,2003-03-01,2003,3,2003,13.719667,89.449796,269.933472,287.141937,278.537689
Field_2,2,2003-04-01,2003,4,2003,45.543404,97.824795,272.554688,286.753418,279.654053
Field_2,2,2003-05-01,2003,5,2003,30.986140,161.094899,277.259827,296.141998,286.700897
Field_2,2,2003-06-01,2003,6,2003,0.769810,207.667354,280.041779,303.030182,291.535980
Field_2,2,2003-07-01,2003,7,2003,15.115776,229.479127,284.412109,309.516541,296.964325
Field_2,2,2003-08-01,2003,8,2003,33.295380,192.381785,282.985992,305.861328,294.423645
Field_2,2,2003-09-01,2003,9,2003,8.301253,142.979161,277.041473,301.077332,289.059418
Field_2,2,2003-10-01,2003,10,2004,3.780880,104.889903,272.413025,295.874512,284.143799
Field_2,2,2003-11-01,2003,11,2004,20.209685,39.039723,267.729431,281.015015,274.372223
Field_2,2,2003-12-01,2003,12,2004,45.973559,26.581871,266.856110,278.270416,272.563263
Field_2,2,2004-01-01,2004,1,2004,11.803880,20.905772,260.426483,274.318115,267.372284
Field_2,2,2004-02-01,2004,2,2004,21.885538,30.006537,264.786407,276.580170,270.683289
Field_2,2,2004-03-01,2004,3,2004,1.982764,98.410109,271.387726,290.030945,280.709320
Field_2,2,2004-04-01,2004,4,2004,25.281428,114.116545,273.737366,290.426941,282.082153
Field_2,2,2004-05-01,2004,5,2004,21.722158,159.227206,275.980927,295.276550,285.628723
Field_2,2,2004-06-01,2004,6,2004,5.917388,198.575570,280.728821,302.168640,291.448730
Field_2,2,2004-07-01,2004,7,2004,9.375094,218.626384,284.207336,307.174561,295.690948
Field_2,2,2004-08-01,2004,8,2004,33.402396,182.755678,282.510620,303.541321,293.025970
Field_2,2,2004-09-01,2004,9,2004,26.910934,135.385803,276.883301,298.924957,287.904114
Field_2,2,2004-10-01,2004,10,2005,37.412100,74.596694,272.990601,290.003754,281.497162
Field_2,2,2004-11-01,2004,11,2005,20.238388,36.378044,268.232300,281.850372,275.041351
Field_2,2,2004-12-01,2004,12,2005,24.760346,27.243770,265.969452,279.203339,272.586395
Field_2,2,2005-01-01,2005,1,2005,52.237575,17.197269,262.273407,274.864868,268.569153
Field_2,2,2005-02-01,2005,2,2005,14.308199,28.485711,264.922668,277.443573,271.183136
Field_2,2,2005-03-01,2005,3,2005,29.785518,70.807127,270.128418,284.479675,277.304047
Field_2,2,2005-04-01,2005,4,2005,28.689767,107.367912,273.374084,288.867584,281.120850
Field_2,2,2005-05-01,2005,5,2005,66.450539,141.578749,277.876190,294.324677,286.100433
Field_2,2,2005-06-01,2005,6,2005,16.457557,177.275310,278.813416,298.433289,288.623352
Field_2,2,2005-07-01,2005,7,2005,4.731087,237.161909,284.090637,308.571442,296.331055
Field_2,2,2005-08-01,2005,8,2005,4.193755,200.838159,281.296295,305.609985,293.453125
Field_2,2,2005-09-01,2005,9,2005,10.251897,142.494738,274.699249,299.392365,287.045807
Field_2,2,2005-10-01,2005,10,2006,26.856531,84.334805,271.351501,292.621094,281.986298
Field_2,2,2005-11-01,2005,11,2006,20.513889,52.386510,267.868713,285.310242,276.589478
Field_2,2,2005-12-01,2005,12,2006,48.634289,28.102594,266.938354,278.234009,272.586182
Field_2,2,2006-01-01,2006,1,2006,27.421912,30.871420,266.660431,279.354187,273.007324
Field_2,2,2006-02-01,2006,2,2006,20.884140,44.935064,265.710541,281.462738,273.586639
Field_2,2,2006-03-01,2006,3,2006,34.535657,63.019707,268.248749,281.534698,274.891724
Field_2,2,2006-04-01,2006,4,2006,53.388858,109.550104,274.024567,289.817688,281.921143
Field_2,2,2006-05-01,2006,5,2006,14.714554,168.999909,276.755310,296.834473,286.794891
Field_2,2,2006-06-01,2006,6,2006,7.256399,201.410307,281.282074,303.799500,292.540771
Field_2,2,2006-07-01,2006,7,2006,9.756309,222.016218,285.748138,308.785370,297.266754
Field_2,2,2006-08-01,2006,8,2006,0.795840,209.784488,279.975311,305.297546,292.636444
Field_2,2,2006-09-01,2006,9,2006,4.121125,139.354162,275.582825,300.282684,287.932739
Field_2,2,2006-10-01,2006,10,2007,16.893806,85.324857,269.772491,291.489075,280.630798
Field_2,2,2006-11-01,2006,11,2007,17.226330,44.702721,267.241516,283.774597,275.508057
Field_2,2,2006-12-01,2006,12,2007,12.469983,28.610981,261.957062,277.705841,269.831451
Field_2,2,2007-01-01,2007,1,2007,10.640181,24.270078,257.249115,274.326080,265.787598
Field_2,2,2007-02-01,2007,2,2007,29.003918,38.873082,267.227600,281.178101,274.202850
Field_2,2,2007-03-01,2007,3,2007,9.004940,90.949003,270.705231,289.692993,280.199127
Field_2,2,2007-04-01,2007,4,2007,24.376199,113.689610,272.513672,290.663391,281.588531
Field_2,2,2007-05-01,2007,5,2007,9.822560,176.462936,276.205048,297.646729,286.925873
Field_2,2,2007-06-01,2007,6,2007,11.970170,206.862149,280.092499,303.259949,291.676239
Field_2,2,2007-07-01,2007,7,2007,4.186429,238.520408,285.979919,309.604584,297.792267
Field_2,2,2007-08-01,2007,8,2007,4.033807,207.834523,282.389526,306.452515,294.421021
Field_2,2,2007-09-01,2007,9,2007,4.131914,148.828403,276.131439,299.581085,287.856262
Field_2,2,2007-10-01,2007,10,2008,10.078748,89.901685,271.415497,291.634552,281.525024
Field_2,2,2007-11-01,2007,11,2008,8.988580,49.553200,265.992126,285.511230,275.751678
Field_2,2,2007-12-01,2007,12,2008,21.100273,25.262075,263.602722,276.434723,270.018738
Field_2,2,2008-01-01,2008,1,2008,21.492289,26.019550,260.650208,274.769257,267.709747
Field_2,2,2008-02-01,2008,2,2008,25.288879,37.216570,265.834564,279.439545,272.637054
Field_2,2,2008-03-01,2008,3,2008,5.491283,75.017391,267.764771,284.116760,275.940765
Field_2,2,2008-04-01,2008,4,2008,8.840329,119.548730,270.475708,288.418945,279.447327
Field_2,2,2008-05-01,2008,5,2008,24.539622,156.339528,276.439911,294.550476,285.495209
Field_2,2,2008-06-01,2008,6,2008,13.602414,194.018687,279.964569,301.211151,290.587860
Field_2,2,2008-07-01,2008,7,2008,6.029343,235.669293,283.403656,307.664551,295.534119
Field_2,2,2008-08-01,2008,8,2008,3.831845,214.281389,283.221283,306.285889,294.753571
Field_2,2,2008-09-01,2008,9,2008,2.740637,150.091125,277.143799,301.862152,289.502991
Field_2,2,2008-10-01,2008,10,2009,7.854725,93.149986,271.141296,293.312347,282.226807
Field_2,2,2008-11-01,2008,11,2009,13.280583,48.276624,270.288696,286.894958,278.591827
Field_2,2,2008-12-01,2008,12,2009,25.394483,26.223783,260.579437,277.406708,268.993073
Field_2,2,2009-01-01,2009,1,2009,21.871528,29.068030,264.757690,278.793976,271.775848
Field_2,2,2009-02-01,2009,2,2009,13.184956,40.372625,267.050629,280.715668,273.883148
Field_2,2,2009-03-01,2009,3,2009,19.156964,79.628216,269.609955,284.650330,277.130127
Field_2,2,2009-04-01,2009,4,2009,29.092220,113.266190,272.489990,288.930267,280.710114
Field_2,2,2009-05-01,2009,5,2009,16.659583,167.000484,278.388519,297.486206,287.937347
Field_2,2,2009-06-01,2009,6,2009,76.976967,155.192879,280.655579,298.175751,289.415680
Field_2,2,2009-07-01,2009,7,2009,3.110101,217.972051,283.664215,306.966217,295.315216
Field_2,2,2009-08-01,2009,8,2009,16.845737,192.102950,281.482422,304.440918,292.961670
Field_2,2,2009-09-01,2009,9,2009,2.792104,153.303500,279.091156,302.581024,290.836090
Field_2,2,2009-10-01,2009,10,2010,17.605788,80.389148,270.467651,289.614441,280.041046
Field_2,2,2009-11-01,2009,11,2010,2.047533,53.556688,266.306091,285.133636,275.719849
Field_2,2,2009-12-01,2009,12,2010,21.887040,21.262641,258.976746,274.301239,266.638977
Field_2,2,2010-01-01,2010,1,2010,9.331145,25.778806,265.671539,278.050507,271.861023
Field_2,2,2010-02-01,2010,2,2010,4.366607,33.989002,268.192657,280.433289,274.312988
Field_2,2,2010-03-01,2010,3,2010,20.755233,75.350384,269.253479,284.511993,276.882751
Field_2,2,2010-04-01,2010,4,2010,27.411375,106.628214,271.530090,287.751373,279.640747
Field_2,2,2010-05-01,2010,5,2010,35.955865,130.749745,273.597382,290.010437,281.803925
Field_2,2,2010-06-01,2010,6,2010,0.000000,182.453097,280.506409,299.812134,290.159271
Field_2,2,2010-07-01,2010,7,2010,2.265910,231.151268,283.645355,306.635529,295.140442
Field_2,2,2010-08-01,2010,8,2010,0.000000,198.438263,281.202057,304.526215,292.864136
Field_2,2,2010-09-01,2010,9,2010,17.214770,149.421949,276.901306,301.868713,289.385010
Field_2,2,2010-10-01,2010,10,2011,25.562473,89.327967,274.279114,293.026306,283.652710
Field_2,2,2010-11-01,2010,11,2011,33.005374,43.043405,267.111969,281.685913,274.398926
Field_2,2,2010-12-01,2010,12,2011,47.718177,28.562437,268.312378,278.645508,273.478943
Field_2,2,2011-01-01,2011,1,2011,5.075083,25.646054,263.350708,277.372864,270.361786
Field_2,2,2011-02-01,2011,2,2011,10.823242,35.380725,263.692108,278.040222,270.866180
Field_2,2,2011-03-01,2011,3,2011,34.125396,60.421407,268.049072,282.952576,275.500824
Field_2,2,2011-04-01,2011,4,2011,35.589457,82.311561,269.485138,285.468781,277.476959
Field_2,2,2011-05-01,2011,5,2011,36.724351,129.921270,272.362579,291.062195,281.712402
Field_2,2,2011-06-01,2011,6,2011,15.834459,180.698030,277.121552,298.711517,287.916534
Field_2,2,2011-07-01,2011,7,2011,4.942433,227.179413,281.497711,306.709167,294.103424
Field_2,2,2011-08-01,2011,8,2011,4.239880,209.015473,281.759796,307.222290,294.491028
Field_2,2,2011-09-01,2011,9,2011,7.305565,147.205749,278.588348,303.459961,291.024170
Field_2,2,2011-10-01,2011,10,2012,17.377128,87.168374,271.569336,293.192993,282.381165
Field_2,2,2011-11-01,2011,11,2012,11.407883,39.830336,265.448792,281.455200,273.451996
Field_2,2,2011-12-01,2011,12,2012,1.488625,25.236812,261.154358,276.654449,268.904419
Field_2,2,2012-01-01,2012,1,2012,27.025271,40.719830,265.598480,280.683105,273.140778
Field_2,2,2012-02-01,2012,2,2012,8.667856,37.487729,266.324738,279.622925,272.973846
Field_2,2,2012-03-01,2012,3,2012,27.948879,86.691174,269.878937,286.691650,278.285278
Field_2,2,2012-04-01,2012,4,2012,14.034629,132.747909,273.636475,292.270874,282.953674
Field_2,2,2012-05-01,2012,5,2012,10.187175,176.024926,274.670654,295.787903,285.229279
Field_2,2,2012-06-01,2012,6,2012,2.022251,218.142295,277.940216,302.184937,290.062592
Field_2,2,2012-07-01,2012,7,2012,3.104354,234.779071,283.864441,308.906281,296.385345
Field_2,2,2012-08-01,2012,8,2012,5.388782,210.648852,283.663544,308.887299,296.275421
Field_2,2,2012-09-01,2012,9,2012,3.601677,152.919850,278.643799,303.669006,291.156403
Field_2,2,2012-10-01,2012,10,2013,6.618439,101.879534,271.599548,294.493805,283.046692
Field_2,2,2012-11-01,2012,11,2013,12.520784,58.863716,270.069214,288.399445,279.234314
Field_2,2,2012-12-01,2012,12,2013,49.760251,35.994728,264.764496,279.620270,272.192383
Field_2,2,2013-01-01,2013,1,2013,14.112255,19.272960,257.937897,272.898682,265.418274
Field_2,2,2013-02-01,2013,2,2013,10.612053,24.491796,260.113190,275.173889,267.643555
Field_2,2,2013-03-01,2013,3,2013,7.962138,66.556588,268.335327,283.257965,275.796631
Field_2,2,2013-04-01,2013,4,2013,11.606804,113.621788,271.631409,288.998260,280.314819
Field_2,2,2013-05-01,2013,5,2013,20.258245,163.377644,274.719147,295.256165,284.987640
Field_2,2,2013-06-01,2013,6,2013,2.299076,209.963244,279.782318,303.287292,291.534790
Field_2,2,2013-07-01,2013,7,2013,5.939616,229.924339,284.574005,309.133881,296.853943
Field_2,2,2013-08-01,2013,8,2013,7.570016,204.026071,282.022675,306.513672,294.268158
Field_2,2,2013-09-01,2013,9,2013,35.505583,126.840548,276.472961,299.148773,287.810852
Field_2,2,2013-10-01,2013,10,2014,15.078113,78.632783,269.007843,290.899384,279.953613
Field_2,2,2013-11-01,2013,11,2014,11.181662,44.486814,268.214844,284.487976,276.351410
Field_2,2,2013-12-01,2013,12,2014,24.633496,18.296181,259.145660,274.141144,266.643402
Field_2,2,2014-01-01,2014,1,2014,12.843667,38.479038,266.401947,281.847198,274.124573
Field_2,2,2014-02-01,2014,2,2014,34.989495,51.375629,270.486084,283.611298,277.048706
Field_2,2,2014-03-01,2014,3,2014,28.996635,87.972896,270.440369,287.665100,279.052734
Field_2,2,2014-04-01,2014,4,2014,18.307556,115.171169,272.606750,290.554443,281.580597
Field_2,2,2014-05-01,2014,5,2014,29.461106,169.667150,276.520569,295.955536,286.238037
Field_2,2,2014-06-01,2014,6,2014,7.199168,201.647255,280.149872,301.616577,290.883209
Field_2,2,2014-07-01,2014,7,2014,9.211828,225.865633,285.985901,308.639404,297.312653
Field_2,2,2014-08-01,2014,8,2014,53.909943,170.714502,283.197601,303.037292,293.117462
Field_2,2,2014-09-01,2014,9,2014,20.352491,149.168217,279.772705,301.668396,290.720551
Field_2,2,2014-10-01,2014,10,2015,0.580572,99.677943,272.787262,295.396973,284.092102
Field_2,2,2014-11-01,2014,11,2015,27.796757,44.759158,269.240631,284.099731,276.670197
Field_2,2,2014-12-01,2014,12,2015,42.304787,32.581233,268.417480,279.975464,274.196472
Field_2,2,2015-01-01,2015,1,2015,8.955714,36.052337,267.901398,282.253571,275.077484
Field_2,2,2015-02-01,2015,2,2015,8.719519,61.349245,271.403687,286.217834,278.810760
Field_2,2,2015-03-01,2015,3,2015,4.192456,100.281455,272.263763,290.769928,281.516846
Field_2,2,2015-04-01,2015,4,2015,20.047027,121.864694,272.392853,290.224121,281.308502
Field_2,2,2015-05-01,2015,5,2015,62.827799,148.220162,278.756653,294.601593,286.679108
Field_2,2,2015-06-01,2015,6,2015,11.612906,211.301486,284.856171,304.802551,294.829376
Field_2,2,2015-07-01,2015,7,2015,33.273929,198.888272,285.003296,304.403656,294.703461
Field_2,2,2015-08-01,2015,8,2015,15.844729,201.988423,285.188934,305.777252,295.483093
Field_2,2,2015-09-01,2015,9,2015,9.782398,146.578051,280.288757,301.908295,291.098541
Field_2,2,2015-10-01,2015,10,2016,47.494825,90.465790,276.894135,294.782684,285.838409
Field_2,2,2015-11-01,2015,11,2016,33.746320,35.031041,266.944183,280.329773,273.636993
Field_2,2,2015-12-01,2015,12,2016,53.478418,25.160695,265.220520,276.195221,270.707886
Field_2,2,2016-01-01,2016,1,2016,46.062078,23.777025,264.288269,275.761261,270.024750
Field_2,2,2016-02-01,2016,2,2016,4.895727,42.187791,267.220978,281.164520,274.192749
Field_2,2,2016-03-01,2016,3,2016,25.867206,88.159689,272.553802,287.696533,280.125183
Field_2,2,2016-04-01,2016,4,2016,41.076973,115.265703,274.655457,291.573456,283.114471
Field_2,2,2016-05-01,2016,5,2016,25.234575,150.468468,276.963470,294.414642,285.689056
Field_2,2,2016-06-01,2016,6,2016,4.493668,206.205977,281.678650,304.223816,292.951233
Field_2,2,2016-07-01,2016,7,2016,0.546325,234.970301,283.343292,307.399445,295.371368
Field_2,2,2016-08-01,2016,8,2016,0.934755,207.898308,283.636078,306.131683,294.883881
Field_2,2,2016-09-01,2016,9,2016,10.745259,139.144839,278.956879,299.376312,289.166595
Field_2,2,2016-10-01,2016,10,2017,46.629661,87.588032,274.596680,292.361603,283.479156
Field_2,2,2016-11-01,2016,11,2017,8.677607,53.478491,271.071350,286.626099,278.848724
Field_2,2,2016-12-01,2016,12,2017,59.785677,25.648491,262.793365,276.025360,269.409363
Field_2,2,2017-01-01,2017,1,2017,47.400001,24.700000,263.338715,274.545166,268.941925
Field_2,2,2017-02-01,2017,2,2017,22.000000,51.200000,270.057129,283.007141,276.532135
Field_2,2,2017-03-01,2017,3,2017,23.200000,87.599999,271.345154,288.809662,280.077423
Field_2,2,2017-04-01,2017,4,2017,29.700000,103.600001,272.760010,289.083344,280.921661
Field_2,2,2017-05-01,2017,5,2017,14.400000,159.700001,276.461304,296.725800,286.593536
Field_2,2,2017-06-01,2017,6,2017,21.100000,201.100000,281.106659,303.733337,292.420013
Field_2,2,2017-07-01,2017,7,2017,2.400000,232.500000,284.525818,309.419342,296.972565
Field_2,2,2017-08-01,2017,8,2017,5.500000,194.200000,283.912903,307.325806,295.619354
Field_2,2,2017-09-01,2017,9,2017,36.600000,132.100000,277.936676,299.299988,288.618347
Field_2,2,2017-10-01,2017,10,2018,3.300000,87.900000,268.922577,292.377411,280.649994
Field_2,2,2017-11-01,2017,11,2018,25.100000,54.600000,269.796661,287.216675,278.506683
Field_2,2,2017-12-01,2017,12,2018,4.700000,27.500000,261.564514,279.167725,270.366119
Field_2,2,2018-01-01,2018,1,2018,12.000000,41.500000,268.596771,283.209686,275.903229
Field_2,2,2018-02-01,2018,2,2018,13.800000,39.400000,263.674988,280.649994,272.162506
Field_2,2,2018-03-01,2018,3,2018,44.000000,69.400000,268.509674,284.000000,276.254852
Field_2,2,2018-04-01,2018,4,2018,14.600000,123.700001,273.206665,291.283325,282.244995
Field_2,2,2018-05-01,2018,5,2018,58.000000,155.900002,277.867737,296.567749,287.217743
Field_2,2,2018-06-01,2018,6,2018,2.700000,208.600000,280.380005,303.523346,291.951660
Field_2,2,2018-07-01,2018,7,2018,0.000000,241.700001,285.580658,310.203217,297.891937
Field_2,2,2018-08-01,2018,8,2018,1.900000,212.700001,282.687103,307.303223,294.995148
Field_2,2,2018-09-01,2018,9,2018,0.400000,159.199999,275.696655,303.119995,289.408325
Field_2,2,2018-10-01,2018,10,2019,12.400000,79.700000,270.622589,292.061279,281.341949
Field_2,2,2018-11-01,2018,11,2019,19.900000,49.000000,263.493347,284.200012,273.846680
Field_2,2,2018-12-01,2018,12,2019,34.400001,22.100000,263.532257,276.187103,269.859680
